Unnamed: 0,headline,url,publisher,date,stock
4130,American Pie,https://talkmarkets.com/content/american-pie?post=264167,TalkMarkets,2020-06-02 00:00:00,AAPL
4131,Tech Giants Dare Antitrust Deal Watchdogs,https://talkmarkets.com/content/tech-giants-dare-antitrust-deal-watchdogs?post=264145,TalkMarkets,2020-06-02 00:00:00,AAPL
4132,MoneyGram Shares Jump 50% As Western Union Reportedly Looks For Acquisition,https://talkmarkets.com/content/moneygram-shares-jump-50-as-western-union-reportedly-looks-for-acquisition?post=264127,TalkMarkets,2020-06-02 00:00:00,AAPL
4133,All Eyes on Market Volatility,https://talkmarkets.com/content/all-eyes-on-market-volatility?post=264043,TalkMarkets,2020-06-01 00:00:00,AAPL
4134,Warren Buffett's Berkshire Hathaway Turns Up Stake in Liberty SiriusXM,http://www.gurufocus.com/news/1152965/warren-buffetts-berkshire-hathaway-turns-up-stake-in-liberty-siriusxm,GuruFocus,2020-06-01 00:00:00,AAPL
4135,COVID 2.0?,https://talkmarkets.com/content/covid-20?post=264030,TalkMarkets,2020-06-01 00:00:00,AAPL
4136,"Apple CEO Writes To Employees About George Floyd Death, Urges For 'Better, More Just World For Everyone'",https://talkmarkets.com/content/apple-ceo-writes-to-employees-about-george-floyd-death-urges-for-better-more-just-world-for-everyone?post=263952,TalkMarkets,2020-05-31 00:00:00,AAPL
4137,"First the Deflationary Deluge of Assets Crashing, Then the Tsunami of Inflation",https://talkmarkets.com/content/first-the-deflationary-deluge-of-assets-crashing-then-the-tsunami-of-inflation?post=263801,TalkMarkets,2020-05-31 00:00:00,AAPL
4138,"Market Briefing For Monday, June 1",https://talkmarkets.com/content/market-briefing-for-monday-june-1?post=263857,TalkMarkets,2020-05-31 00:00:00,AAPL
4139,Five Monster Stock Market Predictions For The Week Of June 1,https://talkmarkets.com/content/five-monster-stock-market-predictions-for-the-week-of-june-1?post=263922,TalkMarkets,2020-05-31 00:00:00,AAPL
4140,Buybacks Are Back: Here's Who Is Repurchasing The Most Stocks,https://talkmarkets.com/content/buybacks-are-back-heres-who-is-repurchasing-the-most-stocks?post=263915,TalkMarkets,2020-05-31 00:00:00,AAPL
4141,Covered Call Backtest,https://talkmarkets.com/content/covered-call-backtest?post=263897,TalkMarkets,2020-05-31 00:00:00,AAPL
4142,"A Confused Goldman No Longer Expects S&P To Drop To 2,400 But Sees No Market Upside Either",https://talkmarkets.com/content/a-confused-goldman-no-longer-expects-sp-to-drop-to-2400-but-sees-no-market-upside-either?post=263854,TalkMarkets,2020-05-30 00:00:00,AAPL
4143,Market Breaks Above 200-DMA - Is The Bull Back?,https://talkmarkets.com/content/market-breaks-above-200-dma-is-the-bull-back?post=263839,TalkMarkets,2020-05-30 00:00:00,AAPL
4144,Market Setup With Phenomenal Risk/Reward,https://talkmarkets.com/content/market-setup-with-phenomenal-riskreward?post=263820,TalkMarkets,2020-05-30 00:00:00,AAPL
4145,"The ""Smart Money"" Continues To Sell Stocks And Buy Gold, As Retail Investors Go Berserk",https://talkmarkets.com/content/the-smart-money-continues-to-sell-stocks-and-buy-gold-as-retail-investors-go-berserk?post=263795,TalkMarkets,2020-05-30 00:00:00,AAPL
4146,Casino Closed,https://talkmarkets.com/content/casino-closed?post=263719,TalkMarkets,2020-05-30 00:00:00,AAPL
4147,"Casino Closed, Markets Open",https://talkmarkets.com/content/casino-closed-markets-open?post=263719,TalkMarkets,2020-05-30 00:00:00,AAPL
4148,"DXC Technology (DXC) Q4 Earnings Top Estimates, Revenues Miss",http://www.zacks.com/stock/news/951769/dxc-technology-dxc-q4-earnings-top-estimates-revenues-miss?cid=CS-BENZ-FT-analyst_blog|earnings_article-951769,Zacks,2020-05-29 00:00:00,AAPL
4149,Marvell's (MRVL) Q1 Earnings & Revenues Surpass Estimates,http://www.zacks.com/stock/news/951760/marvells-mrvl-q1-earnings-revenues-surpass-estimates?cid=CS-BENZ-FT-analyst_blog|earnings_article-951760,Zacks,2020-05-29 00:00:00,AAPL
4150,Dolby (DLB) Rolls Out Interactive Platform for Developers,http://www.zacks.com/stock/news/951745/dolby-dlb-rolls-out-interactive-platform-for-developers?cid=CS-BENZ-FT-analyst_blog|company_news_tech_sector-951745,Zacks,2020-05-29 00:00:00,AAPL
4151,"Remote Working Boosts Peripherals, PC Sales: 4 Stocks to Buy",http://www.zacks.com/stock/news/951467/remote-working-boosts-peripherals-pc-sales-4-stocks-to-buy?cid=CS-BENZ-FT-analyst_blog|investment_ideas-951467,Zacks,2020-05-29 00:00:00,AAPL
4152,"4 Stocks to Watch as Dow Breezes Past 25,000 Points",http://www.zacks.com/stock/news/951452/4-stocks-to-watch-as-dow-breezes-past-25000-points?cid=CS-BENZ-FT-analyst_blog|industry_focus-951452,Zacks,2020-05-29 00:00:00,AAPL
4153,The Momentum Trade Driving Stocks Higher May Be About To Snap,https://talkmarkets.com/content/the-momentum-trade-driving-stocks-higher-may-be-about-to-snap?post=263674,TalkMarkets,2020-05-28 00:00:00,AAPL
4154,Tweedy Browne's —…—… Annual Letter to Shareholders,http://www.gurufocus.com/news/1149923/tweedy-brownes-2020-annual-letter-to-shareholders,GuruFocus,2020-05-28 00:00:00,AAPL
4155,Kroger: Capital Preservation and More at a Good Price,http://www.gurufocus.com/news/1149842/kroger-capital-preservation-and-more-at-a-good-price,GuruFocus,2020-05-28 00:00:00,AAPL
4156,"Tredje AP-fonden Buys Microsoft Corp, Amazon.com Inc, Apple Inc, Sells iShares U.S. ...",http://www.gurufocus.com/news/1149522/tredje-apfonden-buys-microsoft-corp-amazoncom-inc-apple-inc-sells-ishares-us-healthcare-exxon-mobil-corp-chevron-corp,GuruFocus,2020-05-28 00:00:00,AAPL
4157,"The Zacks Analyst Blog Highlights: Apple, Exxon Mobil, Cisco System and Chevron",http://www.zacks.com/stock/news/950055/the-zacks-analyst-blog-highlights-apple-exxon-mobil-cisco-system-and-chevron?cid=CS-BENZ-FT-press_releases-950055,Zacks,2020-05-28 00:00:00,AAPL
4158,Growth Stocks for 2020: Trading Tech Stocks + FANG Stocks,https://talkmarkets.com/content/growth-stocks-for-2020-trading-tech-stocks--fang-stocks?post=263627,TalkMarkets,2020-05-28 00:00:00,AAPL
4159,Stocks Are Struggling To Post Gains On May 28 Ahead Of Initial Claims,https://talkmarkets.com/content/stocks-are-struggling-to-post-gains-on-may-28-ahead-of-initial-claims?post=263598,TalkMarkets,2020-05-28 00:00:00,AAPL
4160,Swiss National Bank Ready To Buy Much More Tech Stocks To Weaken The Franc,https://talkmarkets.com/content/swiss-national-bank-ready-to-buy-much-more-tech-stocks-to-weaken-the-franc?post=263588,TalkMarkets,2020-05-28 00:00:00,AAPL
4161,The Topsy-Turvy S&P 500 Earnings Picture,https://talkmarkets.com/content/the-topsy-turvy-sp-500-earnings-picture?post=263549,TalkMarkets,2020-05-27 00:00:00,AAPL
