date,avg_positive,avg_negative,avg_neutral,headline_count,open,close,stock_move_intraday,overnight_gap,open_vs_sma20,rsi_change_lag1
2024-02-01,0.0001,0.9999,0.0,1,182.09829474891072,184.93878173828125,1,-0.0022232320020623753,-0.020436051001998273,-8.27226087684138
2024-02-02,0.5,0.25,0.25,4,178.01074479617154,183.9391632080078,1,-0.03746124461830847,-0.043089118550878346,6.513782102207294
2024-02-07,1.0,0.0,0.0,1,188.679934980489,187.46258544921875,0,0.0070789474273401575,0.010452427473470416,3.6936742761329597
2024-02-13,0.0001,0.0019,0.998,1,184.09459726813964,183.3711700439453,0,-0.007373637057188847,-0.01706556567453137,-4.488649266002604
2024-02-14,0.0009,0.0,0.999,3,183.64864282656313,182.4891815185547,0,0.0015131756128911854,-0.019872943785708502,-4.924244073526907
2024-02-15,0.0002,0.0002,0.9996,2,181.8946109768474,182.20181274414062,1,-0.003258113915354732,-0.029671090632201264,-1.9181675189003329
2024-02-16,0.9547,0.0001,0.0452,1,181.76579187183052,180.66580200195312,0,-0.0023930655010683003,-0.029195958525541937,-0.6332081249053516
2024-02-23,0.9202,0.0018,0.078,1,183.34143499372246,180.8739013671875,0,0.003471324064834274,-0.009354838452477162,6.758250843797519
2024-02-27,0.0,0.0,1.0,1,179.4666949255866,180.98289489746094,1,-0.0003312826093567209,-0.024436074101396334,-2.8987762669059123
2024-02-28,0.217,0.2041,0.5788,5,180.86399474191828,179.78382873535156,0,-0.0006569690224594231,-0.014489828896002234,4.731792179076315
2024-02-29,0.3013,0.4368,0.2619,4,179.63517226295397,179.11985778808594,0,-0.0008268623126077601,-0.019496531341443763,-2.704014035668564
2024-03-01,0.0003,0.9997,0.0,1,177.93067957222544,178.03968811035156,1,-0.0066390082626538996,-0.02790234612533542,-1.4554109704725704
2024-03-04,0.0037,0.6461,0.3502,1,174.56133114426578,173.52081298828125,0,-0.01953697517111942,-0.0445095520576835,-2.3097786446711126
2024-03-05,0.2558,0.2106,0.5336,4,169.21992063394748,168.585693359375,0,-0.02478603160200863,-0.07109804526041502,-7.702557557096043
2024-03-06,0.0,0.9884,0.0116,2,169.5172478388351,167.59474182128906,0,0.005525703046902622,-0.06506132760846792,-5.706089027280228
2024-03-07,0.5,0.0047,0.4952,2,167.62447121611535,167.475830078125,0,0.0001773885893030685,-0.07043552984993949,-0.9461355797106847
2024-03-08,0.0,1.0,0.0,2,167.47583792632756,169.1902313232422,1,4.686170269172068e-08,-0.06608416131221441,-0.11657300632711554
2024-03-11,0.999,0.0002,0.0007,1,171.38030546468005,171.1920166015625,0,0.012944447940695051,-0.039707638606345644,5.980023972669073
2024-03-12,0.0,0.0001,0.9999,2,171.58839851794536,171.6676788330078,1,0.002315422904944311,-0.03422465744777401,6.3359544613580425
2024-03-13,0.0021,0.0035,0.9944,2,171.21184817645832,169.58663940429688,0,-0.002655308556906104,-0.03258849704221279,1.4467384431719807
2024-03-14,0.0083,0.9857,0.006,1,171.35058886714742,171.4397735595703,1,0.010401464814956725,-0.02801928805288275,-3.328176766014124
2024-03-15,0.0004,0.3337,0.6659,3,169.6262667891251,171.0631866455078,1,-0.01057809826034949,-0.034775561179183186,5.590975686453348
2024-03-19,0.9979,0.0,0.0021,1,172.76764601394297,174.49195861816406,1,0.003568746975423948,-0.01137270611236585,3.29281398666852
2024-03-20,0.3334,0.3155,0.3511,3,174.1352024891535,177.05859375,1,-0.002044541948155001,-0.001996476695202891,6.431468728830097
2024-03-21,0.0002,0.9721,0.0277,3,175.45322885093574,169.82444763183594,0,-0.009066856711462252,0.006600760308818976,6.013913367277645
2024-03-22,0.3357,0.1981,0.4662,6,170.21092760104455,170.7262420654297,1,0.002275761673881382,-0.01985294202500385,-13.50815876356262
2024-03-25,0.1,0.3112,0.5888,4,169.03166954174233,169.30914306640625,1,-0.009925671081297051,-0.023791397118213257,2.012327298685584
2024-03-26,0.235,0.4999,0.265,2,168.46682128354186,168.179443359375,0,-0.004975051952947479,-0.024174568521350068,-2.1982538590088723
2024-03-27,0.0004,0.9864,0.0131,2,168.8731538396293,171.7469940185547,1,0.004124823262566948,-0.018180217862315752,-1.708923463689331
2024-03-28,0.0003,0.002,0.9976,1,170.2010103030642,169.93344116210938,0,-0.00900151833413433,-0.008142866066118692,8.084757780402242
2024-04-01,1.0,0.0,0.0,1,169.64609346633853,168.49655151367188,0,-0.001690942605562433,-0.008723307685762221,-3.0087206914552667
2024-04-02,0.9847,0.0002,0.0151,1,167.55510167176752,167.3172607421875,0,-0.0055873537674625265,-0.018204029331952257,-2.2695928005655404
2024-04-03,0.008,0.0008,0.9912,2,167.26770493028647,168.1199493408203,1,-0.00029617871868813545,-0.018103446873510818,-1.8133829508607988
2024-04-04,0.0002,0.0009,0.9989,1,168.7541832986243,167.29745483398438,0,0.0037725086183450956,-0.009242069338369354,1.96785141937076
2024-04-05,0.0002,0.0074,0.9925,1,168.06050251317026,168.05059814453125,0,0.00456102383591603,-0.013228563605086405,-1.3767951367820785
2024-04-15,0.009,0.5,0.491,2,173.7784557074799,171.13253784179688,0,-0.006740356230935802,0.02116748771846015,2.4703095429750093
2024-04-16,0.0,1.0,0.0,1,170.20100688366134,167.85238647460938,0,-0.0054433304728799805,0.00012508740913087582,-7.396362689634003
2024-04-17,0.0008,0.2508,0.7485,2,168.08034382587564,166.48486328125,0,0.001358082277255867,-0.011086605572298224,-5.306267726329665
2024-04-18,0.0131,0.0,0.9869,3,166.51455452467067,165.53347778320312,0,0.0001783419995997658,-0.01798589374313023,-2.029558763280633
2024-04-19,0.0003,0.0547,0.945,3,164.7109957890585,163.51190185546875,0,-0.004968674646114893,-0.025309886807027355,-1.4025715823140672
2024-04-23,0.9994,0.0006,0.0,1,163.85875133255257,165.39476013183594,1,-0.002954548466722725,-0.026697358988947175,1.8870603381723825
2024-04-24,0.0,1.0,0.0,1,165.03799187966663,167.49563598632812,1,-0.0021570710697541053,-0.018551819731532783,2.3879442765582155
2024-04-26,0.0198,0.002,0.9781,2,168.3478879652858,167.7731170654297,0,-5.889468289430725e-05,0.002345381285859835,1.7905216194288727
2024-04-29,0.0006,0.9994,0.0,1,171.80640930182136,171.93524169921875,1,0.024040157964155446,0.02359576451119909,-1.1627792818101383
2024-05-02,0.4772,0.0228,0.5,2,170.95418315705703,171.46949768066406,1,0.01896052327851048,0.017134119640969593,-1.8598360295466208
2024-05-03,0.343,0.6565,0.0005,6,184.96666391602972,181.72616577148438,0,0.07871467764197967,0.0991406570773557,6.73824431941393
2024-05-06,0.0017,0.0,0.9982,2,180.70544017490002,180.0712127685547,0,-0.005616833394635586,0.06947332816897024,12.690667664106698
2024-05-07,0.0202,0.0002,0.9796,3,181.79552305097843,180.75498962402344,0,0.009575713163213921,0.07175729608524099,-3.0716390464442824
2024-05-08,0.0033,0.0,0.9967,1,181.20091221961113,181.09190368652344,0,0.0024670002001893456,0.06429416551631106,0.7247661871938007
2024-05-09,0.5681,0.4003,0.0317,3,180.91352883975787,182.90541076660156,1,-0.0009849962540254553,0.05799989063751137,0.37291614552907504
2024-05-10,0.3334,0.501,0.1656,3,183.48093424482693,181.6451416015625,0,0.0031465634385183213,0.07005936925201714,2.016090374839223
2024-05-13,0.5,0.001,0.499,2,184.01680743143146,184.85035705566406,1,0.013056588296048093,0.07109589155622134,-2.7587127338631205
2024-05-14,0.0,0.0,1.0,1,186.07091921634225,185.9915313720703,0,0.006602974319982711,0.07874543724064288,3.635563640524083
2024-05-15,0.0,0.0,1.0,1,186.46787049037354,188.26397705078125,1,0.0025610796082447865,0.07539226096476746,1.205647107217473
2024-05-20,1.0,0.0,0.0,1,187.87695420764547,189.57382202148438,1,-0.0028441393310988166,0.06222171888792096,0.03211006768199809
2024-05-21,0.0066,0.4934,0.5001,2,189.62343971650407,190.873779296875,1,0.00026173284101466284,0.0645038259951998,1.2857252379468775
2024-05-22,0.0002,0.0001,0.9998,1,190.79440205142186,189.43490600585938,0,-0.00041586249167145043,0.06347174134589109,1.4042268717255553
2024-05-24,0.0002,0.9892,0.0106,1,187.37087155015982,188.52195739746094,1,0.010381022446301444,0.033151968893421896,-10.291332530107859
2024-05-29,0.0,0.0,1.0,1,188.15481585355153,188.82958984375,1,-0.0020001403588540845,0.026901566058156752,0.013671047539418169
2024-05-31,0.0,0.0,1.0,1,189.9707854632458,190.77456665039062,1,0.0007843460087738415,0.0250407508519766,1.4787356614791491
2024-06-05,0.0376,0.4382,0.5242,2,193.9003813531384,194.3667755126953,1,0.005402680109475471,0.03427142676763094,0.43811093634037945
2024-06-06,0.2374,0.3661,0.3965,5,194.1881470745491,192.9874267578125,0,-0.0009190276356389828,0.03205970612908222,2.0561239391724087
2024-06-07,0.0182,0.9625,0.0193,3,193.1561225415401,195.37893676757812,1,0.0008741283645348704,0.023339902501216068,-4.604020931710181
2024-06-10,0.0017,0.0128,0.9855,2,195.38883614317194,191.63784790039062,0,5.066756815037028e-05,0.031759630618280826,3.4346023254445726
2024-06-11,0.4853,0.168,0.3468,6,192.1638033246204,205.56019592285156,1,0.0027445279207224185,0.01205953400000761,-10.799841113544346
2024-06-12,0.3333,0.0001,0.6666,3,205.77850209290926,211.4347686767578,1,0.0010620060419656025,0.07788506424189129,15.013193983113979
2024-06-13,0.0001,0.9997,0.0002,1,213.09192677850285,212.59576416015625,0,0.00783768020801966,0.10880466528994936,3.618873714665881
2024-06-14,0.0005,0.098,0.9015,2,212.20877015870124,210.8592071533203,0,-0.0018203279025045451,0.0972631103784249,0.6373246323367425
2024-06-17,0.0,0.0036,0.9964,1,211.7324793139925,215.0071563720703,1,0.004141494092013851,0.08847539653599298,-3.70110114005999
2024-06-18,0.0,0.368,0.632,1,215.92007781385274,212.64540100097656,0,0.004246004910658033,0.1024667670807136,2.576293324877625
2024-06-20,0.0,0.9924,0.0075,2,212.28815296354617,208.07077026367188,0,-0.001680017699648037,0.07757552883492956,-4.824298995005577
2024-06-21,0.0,0.499,0.501,2,208.77533580800622,205.89759826660156,0,0.003386182227525291,0.055139194324482575,-8.370935823392301
2024-06-24,0.3698,0.0842,0.5459,2,206.12581247138846,206.54258728027344,1,0.0011083869200426359,0.03743284633961065,-3.587071500321173
2024-06-25,0.0137,0.9815,0.0048,1,207.54482679949032,207.4654541015625,0,0.004852459400331179,0.03905836859250388,0.6615104200708473
2024-06-26,0.0002,0.0001,0.9997,1,209.87680350658064,211.61337280273438,1,0.011622896040502689,0.04577422069696802,0.975761759036331
2024-07-10,0.9981,0.0001,0.0018,1,227.54020555015646,231.19195556640625,1,0.002711173693693421,0.07029750478171444,0.5563633802140657
2024-07-11,0.0013,0.4935,0.5052,2,229.61414576243664,225.82347106933594,0,-0.0068246743278937904,0.07009807183295284,2.607196567877935
2024-07-12,0.0,0.0,1.0,2,227.16311346469493,228.7706756591797,1,0.005932254911393487,0.05369990908031856,-10.166733991168684
2024-07-15,1.0,0.0,0.0,1,234.66509753137677,232.60105895996094,0,0.02576563563145889,0.08413904992336697,2.225923407792834
2024-07-24,0.0,1.0,0.0,1,222.28089648286087,216.86279296875,0,-0.004488607636492607,0.0010950258375173137,1.2208146170506282
2024-07-25,0.0,0.002,0.998,1,217.24978234747041,215.8208465576172,0,0.0017844895079635911,-0.023629949596439066,-9.079872841087386
2024-07-26,0.0,1.0,0.0,1,217.0215271741731,216.28721618652344,0,0.005563320854806104,-0.025577065417092176,-1.3017556934727281
2024-07-29,0.0098,0.0026,0.9875,3,215.29491873308154,216.56509399414062,1,-0.004587869181256406,-0.0341600440223464,0.6692640449066545
2024-07-30,0.0,0.0,1.0,1,217.50779485320817,217.12078857421875,0,0.004352967699831851,-0.025884998306023102,0.420546845207177
2024-07-31,0.006,0.0,0.994,1,219.7405227481965,220.3756103515625,1,0.01206579154018796,-0.016333744650984736,0.8829629755178914
2024-08-01,0.9999,0.0001,0.0,1,222.64802807062824,216.6841583251953,0,0.010311566309178148,-0.003718841571268663,4.940003076399101
2024-08-02,0.6666,0.0,0.3333,3,217.46809553371503,218.1726531982422,1,0.0036178796575576117,-0.02620775994273255,-5.78219820580869
2024-08-05,1.0,0.0,0.0,1,197.562059997048,207.6639404296875,1,-0.09446918712798712,-0.11406878224834026,2.2748782132355956
2024-08-06,0.006,0.5399,0.4542,2,203.72439154098564,205.6395721435547,1,-0.01897078944255008,-0.08264875991017161,-12.77566246507574
2024-08-09,0.0,0.0,1.0,2,210.47221789303094,214.5804443359375,1,-0.005672406024419209,-0.039632646724752425,5.04563180617243
2024-08-14,0.004,0.7767,0.2193,1,219.13055181670978,220.27304077148438,1,-0.0031636485168557854,0.009983934068111317,4.486586735097028
2024-08-16,0.659,0.108,0.233,1,222.45867901826594,224.5747833251953,1,-0.0035600788358886156,0.026756502819894175,3.414565744330311
2024-08-19,0.0,0.0,1.0,1,224.2469437652095,224.41583251953125,1,-0.0014598235613616994,0.03453600844917621,1.449611530399494
2024-08-21,0.0001,0.0193,0.9806,1,225.04171252806572,224.9224853515625,0,4.4188113041409815e-05,0.03726387235822221,0.7432656362717438
2024-08-22,0.0,0.0,1.0,1,226.30341677619586,223.064697265625,0,0.006139588145111019,0.04114546380587714,-0.22100679433356163
2024-08-23,0.0,0.0001,0.9999,1,224.18735755669383,225.35964965820312,1,0.005032890927298837,0.029694385349495474,-3.7823285821673593
2024-08-26,0.1739,0.4979,0.3282,2,225.28014571740593,225.69740295410156,1,-0.000352786938202012,0.032562239267419524,3.2354518764684315
2024-08-27,0.0001,0.0002,0.9997,3,224.52510403050715,226.54185485839844,1,-0.005194117912968689,0.026952251081201705,0.46819907274232264
2024-08-28,0.0,0.0,1.0,1,226.43260827589475,225.01194763183594,0,-0.0004822357553837993,0.03345034377576295,1.206971622467691
2024-08-29,0.0,0.0,1.0,1,228.59837969678284,228.29039001464844,0,0.01593885170406603,0.04223233134256722,-3.559208459972254
2024-08-30,0.0,0.0,1.0,1,228.68777538921813,227.5055389404297,0,0.001740701282012772,0.03988859725035442,4.8013780870548715
2024-09-04,0.0133,0.4276,0.5591,2,220.2134333758585,219.40872192382812,0,-0.0049828004935499855,-0.0038516874947968206,-12.24481597581233
2024-09-05,0.9943,0.0002,0.0055,1,220.1836512012438,220.9287567138672,1,0.003531898233675101,-0.007078641658037686,-3.0564003993639517
2024-09-09,0.7484,0.25,0.0016,4,219.37892899374344,219.4683380126953,1,1.0367333775164698e-07,-0.015242699342015699,-2.5730224105977726
2024-09-10,0.2954,0.3318,0.3728,7,217.49131703149231,218.67355346679688,1,-0.009008228699889436,-0.024785748653610926,0.173489745194793
2024-09-11,0.0,1.0,0.0,2,220.01477384708656,221.20693969726562,1,0.006133436618312115,-0.014037346519683903,-1.4070929022846883
2024-09-16,0.5293,0.4686,0.0021,2,215.126845002842,214.90829467773438,0,-0.02678648816607919,-0.035989065345641016,-0.5737641969895435
2024-09-17,0.4994,0.0014,0.4992,2,214.3419921866889,215.3751983642578,1,-0.0026350890359753726,-0.03742130113807351,-10.929546415494023
2024-09-18,0.0,0.0,1.0,2,216.13026348358338,219.24977111816406,1,0.0035058127633087305,-0.02741608120304955,1.068808539057848
2024-09-19,0.0003,0.0004,0.9994,2,223.52171975466862,227.3763885498047,1,0.019484392684734918,0.007155650055087613,8.110937935626197
2024-09-20,0.0,0.0001,0.9998,1,228.46919216926284,226.7107391357422,0,0.004806143797198995,0.028879413447361977,12.121132465000102
2024-09-24,0.0,0.0084,0.9916,1,227.15783023434298,225.8861846923828,0,0.009626029283254543,0.022219273436242415,-3.159647416840059
2024-10-08,0.005,0.995,0.0,1,222.83620769655573,224.29661560058594,1,0.01177319828710256,-0.0019089814519430437,-8.082322671713477
2024-10-09,0.1836,0.3337,0.4827,3,223.76012210676075,228.0419921875,1,-0.002391892951164927,0.0009687485364645138,6.373483696041127
2024-10-10,0.0002,0.3333,0.6665,3,226.29350107451606,227.54527282714844,1,-0.007667408516350368,0.01075632772208582,5.028140945090641
2024-10-11,0.0,0.0002,0.9998,1,227.80359724609562,226.0650177001953,0,0.0011352660318433212,0.01608777308041536,-0.8199414377321901
2024-10-14,0.0,1.0,0.0,1,227.20748901369805,229.79052734375,1,0.005053728901204301,0.01229625315443472,-2.4775144419731845
2024-10-16,0.0972,0.1948,0.7081,1,230.0885769817669,230.26739501953125,1,-0.009621507894342336,0.017914624735040456,3.0641774105131745
2024-10-18,0.0,1.0,0.0,1,234.63864623478992,233.4663543701172,0,0.01735938981792276,0.03477646111571561,0.48611395070720675
2024-10-21,0.4998,0.0,0.5002,2,232.9199708414818,234.9367218017578,1,-0.0023403095067359705,0.025669076177477143,3.6408249054037256
2024-10-22,0.0078,0.1263,0.866,2,232.36364046895116,234.32078552246094,1,-0.010952231362868194,0.020983734652152627,1.7736271748676486
2024-10-23,0.0009,0.0004,0.9987,1,232.55238437433343,229.25404357910156,0,-0.007546923949510225,0.019923097400755048,-1.2960159438538241
2024-10-28,0.2011,0.1464,0.6524,3,231.79736647290133,231.8768310546875,1,0.00825377059087277,0.014168104021178506,1.3494492190327065
2024-10-29,0.0001,0.2761,0.7238,1,231.57880823795904,232.14508056640625,1,-0.0012852634537608217,0.013123783398258697,3.1203336660074683
2024-10-31,1.0,0.0,0.0,1,227.84332326136388,224.4357147216797,0,-0.0033029550492804922,-0.005548085412524431,-6.961167257320994
2024-11-01,1.0,0.0,0.0,2,219.52794977327943,221.45529174804688,1,-0.021867129990814176,-0.041891475234127534,-6.696639038651149
2024-11-04,0.0386,0.8133,0.1481,1,219.54779428408165,220.56112670898438,1,-0.008613465268355013,-0.04099610368029834,-4.057589402291022
2024-11-12,0.0,0.0003,0.9997,1,223.33003326558662,223.0117645263672,0,0.0014271387874777532,-0.020747334578855033,-4.451233739196411
2024-11-14,0.0,1.0,0.0,1,223.7974607959322,226.98007202148438,1,-0.00044418131738164883,-0.015312178850879675,1.8522998833042763
2024-11-15,0.0022,0.973,0.0248,1,225.16997570047775,223.777587890625,0,-0.007974692689476696,-0.008475998222985202,5.970790214471194
2024-11-21,0.0,0.9999,0.0001,1,227.63648708983084,227.2784423828125,0,-0.0005240569208805881,0.008295556146197683,1.2779767532185176
2024-11-22,0.0149,0.2004,0.7847,5,226.82096032466632,228.62112426757812,1,-0.002012870439228159,0.0050810017056245665,-1.009764963453982
2024-11-25,0.0003,0.0001,0.9996,1,230.20248468460477,231.6048126220703,1,0.0069169479508631075,0.020354165997776095,2.5647546157665886
2024-11-27,1.0,0.0,0.0,1,233.19611792325418,233.6536102294922,1,-0.002510065843520473,0.03331042726947168,3.283524129714891
2024-12-02,0.9215,0.0,0.0785,1,235.98089694287458,238.2882843017578,1,-0.0002528863211264753,0.04180458441470918,3.480010640583835
2024-12-05,0.001,0.0458,0.9532,1,242.6644095132275,241.7195587158203,0,0.004032780950039657,0.057929422001398195,0.3811653913588344
2024-12-09,1.0,0.0,0.0,1,240.516140724136,245.40940856933594,1,-0.004159020118338923,0.04040426732262185,-0.6618540434344311
2024-12-11,0.0333,0.0006,0.9661,1,246.61281718111218,245.1508026123047,0,0.0007667409685338188,0.056925419058512935,0.9810706056848773
2024-12-13,1.0,0.0,0.0,1,246.47359279661413,246.7819061279297,1,-0.0005645719786413142,0.04627207682863586,1.660802385202274
2024-12-16,1.0,0.0,0.0,1,246.6426692963963,249.67608642578125,1,-0.0005642100497482023,0.04260781836172764,0.19220409260604754
2024-12-19,0.0,1.0,0.0,2,246.15532490458142,248.43287658691406,1,-0.0022173356040912015,0.025188559686323768,-15.939966526156127
2024-12-20,0.0219,0.0014,0.9767,1,246.69239156062656,253.10736083984375,1,-0.007005856270712199,0.023020426815562184,2.228762891042649
2024-12-23,0.0003,0.0354,0.9643,1,253.38583418491564,253.88311767578125,1,0.0011002182794995611,0.045180258673608156,5.12234624720719
